{
  "复制人": 1,
  "电解器": 0.14843153998825037,
  "净水器": 0.42212864348053414,
  "木料燃烧器": 0.506832760511299,
  "乔木树": 1.0947587627044064,
  "碳素脱离器": 0.7150139077246892,
  "液泵": 0.13044689025034284,
  "氢气发电机": 0.10467187409507725,
  "天然气发电机": 24.132066427951465,
  "天然气间歇泉": 16.70681521935103,
  "煤炭发电机": 0.8347392227564376,
  "好吃哈奇": 7.1549076236266105,
  "堆肥堆": 15.480413457656718,
  "抽水马桶": 0,
  "抛壳蟹": 3.6182455155474353,
  "毛刺花": 3.7499999999999996
}