{
  "复制人": 1,
  "电解器": 0.11261261261261261,
  "液泵": 0.024594594594594593,
  "木料燃烧器": 0.029906906906906904,
  "乔木树": 0.06459891891891892,
  "氢气发电机": 0.011215090090090089,
  "煤炭发电机": 0.014953453453453452,
  "毛刺花": 3.7499999999999996,
  "抽水马桶": 1
}