{
  "复制人": 1,
  "电解器": 0.11634179788046976,
  "净水器": 0.054200640765765765,
  "液泵": 0.018261398105694975,
  "木料燃烧器": 0.028909752386314883,
  "乔木树": 0.06244506515444015,
  "碳素脱离器": 0.0036426288006756766,
  "煤炭发电机": 0.06953750414923852,
  "氢气发电机": 0.010836372184684685,
  "抽水马桶": 1.1868014769577269,
  "堆肥堆": 0.010407510859073361,
  "毛刺花": 3.7499999999999996
}