{
  "复制人": 1,
  "电解器": 0.18640873825036777,
  "净水器": 0.7186039198784242,
  "木料燃烧器": 1.5889731730952514,
  "乔木树": 3.4321820538857417,
  "碳素脱离器": 1.1997248907772573,
  "液泵": 0.20720110457603652,
  "氢气发电机": 0.21750832094594594,
  "煤炭发电机": 1.5880507418298402,
  "好吃哈奇": 13.611863501398632,
  "堆肥堆": 28.96118920307482,
  "抽水马桶": 0,
  "抛壳蟹": 5.986794759672212,
  "毛刺花": 3.7499999999999996
}