{
  "复制人": 1,
  "电解器": 0.12246294340181942,
  "净水器": 0.05623223931252681,
  "木料燃烧器": 0.17299360450631907,
  "乔木树": 0.373666185733649,
  "碳素脱离器": 0.14869780830177706,
  "液泵": 0.04226626322208599,
  "氢气发电机": 0.0238330468842938,
  "煤炭发电机": 1.2964258467492644,
  "抽水马桶": 9.911781529832998,
  "堆肥堆": 0.062277697622274884,
  "毛刺花": 3.7499999999999996
}