{
  "二氧化碳": 3127.5716090733586,
  "卡路里": 0,
  "厕所": 0.18680147695772686,
  "复制人": -1.1868014769577269,
  "木料": 0,
  "氢气": 7167.986486486487,
  "氧气": 1986.9099107142902,
  "水": 9677.258903821421,
  "污染土": 5879.62624034749,
  "污染水": -150901.92229729728,
  "泥土": 0,
  "焦耳": 15767.749388513512,
  "煤炭": -41722.50248954311,
  "过滤介质": -32520.38445945946
}