{
  "二氧化碳": 258794.20563213044,
  "卡路里": 0,
  "厕所需求": 1,
  "天然气": 0,
  "木料": 0,
  "氢气": 3694.2870415057905,
  "氧气": 19084.3245057398,
  "水": 673318.6618138386,
  "污染土": -1384723.74241838,
  "污染水": 63337.99113593716,
  "泥土": -83809.84747536643,
  "焦耳": 11909524.715304712,
  "煤炭": 0,
  "过滤介质": 0
}