{
  "世界中的氢气产生": 7567.5675675675675,
  "世界中的氢气消耗": -672.9054054054053,
  "世界中的水消耗": -147567.56756756754,
  "世界中的污染水产生": 11700,
  "二氧化碳": 3229.945945945946,
  "卡路里": 0,
  "厕所": 0,
  "木料": 0,
  "氧气": 0,
  "水": 0,
  "污染水": -4521.9243243243245,
  "泥土": -645.9891891891892,
  "焦耳": 0,
  "煤炭": -8972.072072072071
}