{
  "二氧化碳": -34818.60778223259,
  "卡路里": 0,
  "厕所需求": 1,
  "木料": 0,
  "氢气": -523.8320463320433,
  "氧气": 39318.57573979595,
  "水": 1249131.5822186973,
  "污染土": -2489590.1481531877,
  "污染水": -1676229.5689409198,
  "泥土": -202311.35855017696,
  "焦耳": 776239.3696897569,
  "煤炭": 0,
  "过滤介质": -12086.718749999709
}