{
  "二氧化碳": 6436.852326315844,
  "卡路里": 0,
  "厕所": 8.911781529832998,
  "木料": 0,
  "氢气": 6799.526983544636,
  "氧气": 5248.256244489385,
  "水": -118558.64073374243,
  "污染土": 3011.2068601667243,
  "污染水": 10333.177941176473,
  "泥土": 0,
  "焦耳": 475133.3788881924,
  "煤炭": -777855.5080495586,
  "过滤介质": -33739.34358751609
}